{"accuracy": 0.7857142857142857, "f1": 0.7855467505767209, "verifiability": 0.049689440993788817, "consistency": 0.2329192546583851}