{"accuracy": 0.9765296431963099, "f1": 0.6701888592064384}