{"accuracy": 0.9667374959136973, "f1": 0.6689603222511314}