{"accuracy": 0.9741780852891964, "f1": 0.6790972290122957}