{"accuracy": 0.7857142857142857, "f1": 0.785612968591692, "verifiability": 0.037267080745341616}