{"accuracy": 0.9947240687981429, "f1": 0.23353710943612394, "accuracy_0": 0.9963596074707186, "f1_0": 0.33272549485980074, "accuracy_1": 0.9963822186044409, "f1_1": 0.644751293082547, "accuracy_2": 0.9988317580910173, "f1_2": 0.33313851254960075, "accuracy_3": 0.9992462955425918, "f1_3": 0.33320766856671796, "accuracy_4": 0.9993593512112031, "f1_4": 0.33322652432166855, "accuracy_5": 0.9847902440495033, "f1_5": 0.14847720350365046, "accuracy_6": 0.9862298195631529, "f1_6": 0.6174243960192546, "accuracy_7": 0.9975504605134234, "f1_7": 0.3329245761187685, "accuracy_8": 0.9949727912690876, "f1_8": 0.33249335383538164, "accuracy_9": 0.9863428752317641, "f1_9": 0.6170793836547812, "accuracy_10": 0.9970831637498304, "f1_10": 0.33284648392830857, "accuracy_11": 0.99741479371109, "f1_11": 0.3329019079567166, "accuracy_12": 0.9969399599029228, "f1_12": 0.3328225451343021, "accuracy_13": 0.9971736082847193, "f1_13": 0.33286160139783605, "accuracy_14": 0.9969098117246266, "f1_14": 0.33281750495069434, "accuracy_15": 0.991324861695232, "f1_15": 0.33188117812557166, "accuracy_16": 0.9951612173834397, "f1_16": 0.3325249136804249, "accuracy_17": 0.9845867438460031, "f1_17": 0.5835198896038428, "accuracy_18": 0.9992387584980178, "f1_18": 0.33320641144056345, "accuracy_19": 0.9985830356200727, "f1_19": 0.33309700516905005}