{"accuracy": 0.7863247863247863, "f1": 0.7862623310193644, "verifiability": 0.039886039886039885}