{"accuracy": 0.9657334329612852, "f1": 0.6927258582977281}