{"accuracy": 0.9944934152150563, "f1": 0.39561448619276773, "accuracy_0": 0.9968944099378882, "f1_0": 0.5648054957430629, "accuracy_1": 0.9995913697286695, "f1_1": 0.6648156114903064, "accuracy_2": 0.9982020268061458, "f1_2": 0.33303340149965915, "accuracy_3": 0.9982954280110213, "f1_3": 0.3330489956648243, "accuracy_4": 0.9990659879512446, "f1_4": 0.3331775919263655, "accuracy_5": 0.9846705272498015, "f1_5": 0.34747829264527774, "accuracy_6": 0.9862816980339046, "f1_6": 0.7436642626965608, "accuracy_7": 0.9966725820763088, "f1_7": 0.3327778394993149, "accuracy_8": 0.9966025311726521, "f1_8": 0.5943258408221815, "accuracy_9": 0.9855928641479476, "f1_9": 0.6287237029391838, "accuracy_10": 0.9963690281604632, "f1_10": 0.6386263969923985, "accuracy_11": 0.9962989772568066, "f1_11": 0.33271535262914725, "accuracy_12": 0.9975598935226264, "f1_12": 0.5594196612489089, "accuracy_13": 0.9961472002988838, "f1_13": 0.332689960656786, "accuracy_14": 0.9952832391537851, "f1_14": 0.5064366795626908, "accuracy_15": 0.9926680054172698, "f1_15": 0.5474849343351101, "accuracy_16": 0.9964274039135105, "f1_16": 0.5838279798547813, "accuracy_17": 0.9800238173072433, "f1_17": 0.5855760786649485, "accuracy_18": 0.999182739457339, "f1_18": 0.4997956013408552, "accuracy_19": 0.9980385746976136, "f1_19": 0.33300610820244325}