{"accuracy": 0.9642623639844954, "f1": 0.7064547200298975}