{"accuracy": 0.994929482090319, "f1": 0.390635910511316, "accuracy_0": 0.9973614159622659, "f1_0": 0.584637042181604, "accuracy_1": 0.9996497454817167, "f1_1": 0.6650737228597348, "accuracy_2": 0.9988791855414935, "f1_2": 0.33314642617946205, "accuracy_3": 0.9985989819268668, "f1_3": 0.3330996666355111, "accuracy_4": 0.9996964460841545, "f1_4": 0.3332827333341118, "accuracy_5": 0.9842502218278616, "f1_5": 0.3119643453778701, "accuracy_6": 0.9863750992387802, "f1_6": 0.631732215087649, "accuracy_7": 0.9982370522579741, "f1_7": 0.3330392494824319, "accuracy_8": 0.9966375566244805, "f1_8": 0.5888290212934333, "accuracy_9": 0.9878228179143511, "f1_9": 0.6348822750780494, "accuracy_10": 0.9963340027086349, "f1_10": 0.5245525143338785, "accuracy_11": 0.997151263251296, "f1_11": 0.3328578666354885, "accuracy_12": 0.995913697286695, "f1_12": 0.7732810598959388, "accuracy_13": 0.9977817213842058, "f1_13": 0.3329632097120438, "accuracy_14": 0.9956334936720683, "f1_14": 0.5236378209110094, "accuracy_15": 0.9942558259001542, "f1_15": 0.401957252186911, "accuracy_16": 0.9960771493952272, "f1_16": 0.7929538592611292, "accuracy_17": 0.9803740718255265, "f1_17": 0.5876659368315279, "accuracy_18": 0.9994045673189185, "f1_18": 0.33323406499934793, "accuracy_19": 0.9981553262037081, "f1_19": 0.5385211126933034}