{"accuracy": 0.8233618233618234, "f1": 0.8233489187609586, "verifiability": 0.022792022792022793}