{"accuracy": 0.9778260148630519, "f1": 0.6630558638940648}