{"accuracy": 0.8167701863354038, "f1": 0.8166835528537656, "verifiability": 0.07763975155279502, "consistency": 0.2608695652173913}