{"accuracy": 0.811965811965812, "f1": 0.8119276482431642, "verifiability": 0.045584045584045586}