{"accuracy": 0.993850114416476, "f1": 0.2630209551062594, "accuracy_0": 0.9935553168635876, "f1_0": 0.3322557471264368, "accuracy_1": 0.9995446691262317, "f1_1": 0.6645992479580902, "accuracy_2": 0.9988791855414935, "f1_2": 0.33314642617946205, "accuracy_3": 0.9985989819268668, "f1_3": 0.3330996666355111, "accuracy_4": 0.9996964460841545, "f1_4": 0.3332827333341118, "accuracy_5": 0.9834096109839817, "f1_5": 0.22812920740787757, "accuracy_6": 0.9851141829729604, "f1_6": 0.6277977866362172, "accuracy_7": 0.9982370522579741, "f1_7": 0.3330392494824319, "accuracy_8": 0.9959603978891328, "f1_8": 0.565071593355219, "accuracy_9": 0.9861766216784197, "f1_9": 0.6299507740627676, "accuracy_10": 0.9950614112922057, "f1_10": 0.33250819771263823, "accuracy_11": 0.997151263251296, "f1_11": 0.3328578666354885, "accuracy_12": 0.992352776350815, "f1_12": 0.33205390401740803, "accuracy_13": 0.9977817213842058, "f1_13": 0.3329632097120438, "accuracy_14": 0.9946761313220941, "f1_14": 0.3324436536180308, "accuracy_15": 0.9935319665623686, "f1_15": 0.33225183016105414, "accuracy_16": 0.9940806986410125, "f1_16": 0.4730962755944923, "accuracy_17": 0.9763344697146593, "f1_17": 0.5615170134262019, "accuracy_18": 0.9994045673189185, "f1_18": 0.33323406499934793, "accuracy_19": 0.9974548171671415, "f1_19": 0.33290859567702796}