{"accuracy": 0.6242236024844721, "f1": 0.6240459304289092, "verifiability": 0.0}