{"accuracy": 0.9940683459201978, "f1": 0.1878443388964797, "accuracy_0": 0.9963596074707186, "f1_0": 0.33272549485980074, "accuracy_1": 0.9964199038273113, "f1_1": 0.645068612327346, "accuracy_2": 0.9991633880522769, "f1_2": 0.33319383965767496, "accuracy_3": 0.9993442771220549, "f1_3": 0.3332240103442166, "accuracy_4": 0.9998794072868147, "f1_4": 0.33331323333584584, "accuracy_5": 0.9851746333227814, "f1_5": 0.11028132871490035, "accuracy_6": 0.9850766517433184, "f1_6": 0.6126511147771363, "accuracy_7": 0.9984624429068873, "f1_7": 0.33307687665942554, "accuracy_8": 0.9950783098931247, "f1_8": 0.3325110280830465, "accuracy_9": 0.9851143369661888, "f1_9": 0.6113862734352818, "accuracy_10": 0.9971057748835527, "f1_10": 0.3328502634240599, "accuracy_11": 0.9983644613274243, "f1_11": 0.33306052045656553, "accuracy_12": 0.9942040127225312, "f1_12": 0.3323645278616611, "accuracy_13": 0.9984925910851836, "f1_13": 0.3330819090145675, "accuracy_14": 0.996947496947497, "f1_14": 0.3328238051564251, "accuracy_15": 0.9955305325675696, "f1_15": 0.3325867536878894, "accuracy_16": 0.9954400880326806, "f1_16": 0.3325716113127681, "accuracy_17": 0.9681861348528015, "f1_17": 0.32794531564133494, "accuracy_18": 0.999449795746092, "f1_18": 0.49986241108552004, "accuracy_19": 0.9975730716471457, "f1_19": 0.3329283538464248}