{"accuracy": 0.9704151683556718, "f1": 0.49249274160099543}