{"accuracy": 0.9788209047468307, "f1": 0.49464855682432796}