{"accuracy": 0.6096866096866097, "f1": 0.6088738866973037, "verifiability": 0.0, "consistency": 0.0}