{"accuracy": 0.9668746890969113, "f1": 0.6822016034997685}