{"accuracy": 0.811965811965812, "f1": 0.8118421052631579, "verifiability": 0.017094017094017096, "consistency": 0.13105413105413105}