{"accuracy": 0.7608695652173914, "f1": 0.7604791576100083, "verifiability": 0.040372670807453416}