{"accuracy": 0.9559963573530098, "f1": 0.6898781723146306}