{"accuracy": 0.9954227528301602, "f1": 0.28803056295631235, "accuracy_0": 0.998424757684017, "f1_0": 0.5810983343489514, "accuracy_1": 0.9991859991859992, "f1_1": 0.6615738570624378, "accuracy_2": 0.9988317580910173, "f1_2": 0.33313851254960075, "accuracy_3": 0.9992462955425918, "f1_3": 0.33320766856671796, "accuracy_4": 0.9993593512112031, "f1_4": 0.33322652432166855, "accuracy_5": 0.988272358642729, "f1_5": 0.2416542875098462, "accuracy_6": 0.9853781335262817, "f1_6": 0.7227953664063409, "accuracy_7": 0.9975504605134234, "f1_7": 0.3329245761187685, "accuracy_8": 0.9968570524126079, "f1_8": 0.568459244381771, "accuracy_9": 0.9847148736037625, "f1_9": 0.6128999549074626, "accuracy_10": 0.9974600159785345, "f1_10": 0.5864805256962861, "accuracy_11": 0.99741479371109, "f1_11": 0.3329019079567166, "accuracy_12": 0.9976258309591642, "f1_12": 0.5369105879791215, "accuracy_13": 0.9971736082847193, "f1_13": 0.33286160139783605, "accuracy_14": 0.9971283860172749, "f1_14": 0.5113152663553153, "accuracy_15": 0.994279383168272, "f1_15": 0.537776195699132, "accuracy_16": 0.9962842370249778, "f1_16": 0.5393743521155053, "accuracy_17": 0.9854459669274485, "f1_17": 0.5842670687983166, "accuracy_18": 0.9992387584980178, "f1_18": 0.33320641144056345, "accuracy_19": 0.9985830356200727, "f1_19": 0.33309700516905005}