{"accuracy": 0.9957656883582809, "f1": 0.3281810046237487, "accuracy_0": 0.9984322947285911, "f1_0": 0.5838853293005415, "accuracy_1": 0.9992387584980178, "f1_1": 0.661805800469829, "accuracy_2": 0.9991633880522769, "f1_2": 0.33319383965767496, "accuracy_3": 0.9993442771220549, "f1_3": 0.3332240103442166, "accuracy_4": 0.9998794072868147, "f1_4": 0.33331323333584584, "accuracy_5": 0.9887471924508962, "f1_5": 0.26365570299163577, "accuracy_6": 0.9857625227995598, "f1_6": 0.6179949181227619, "accuracy_7": 0.9984624429068873, "f1_7": 0.33307687665942554, "accuracy_8": 0.9968570524126079, "f1_8": 0.5605712274324913, "accuracy_9": 0.9856193189526523, "f1_9": 0.6162883201757517, "accuracy_10": 0.9975429234688494, "f1_10": 0.4914860505315, "accuracy_11": 0.9983644613274243, "f1_11": 0.33306052045656553, "accuracy_12": 0.9966837003874041, "f1_12": 0.7581374605732321, "accuracy_13": 0.9984925910851836, "f1_13": 0.3330819090145675, "accuracy_14": 0.9970077933040896, "f1_14": 0.49856911720523306, "accuracy_15": 0.9959450700191441, "f1_15": 0.3985898822539144, "accuracy_16": 0.9963369963369964, "f1_16": 0.6973036902730197, "accuracy_17": 0.9855740966852078, "f1_17": 0.5849242812165095, "accuracy_18": 0.999449795746092, "f1_18": 0.49986241108552004, "accuracy_19": 0.9984096835948688, "f1_19": 0.5306581847797078}