{"accuracy": 0.9942850137766778, "f1": 0.2896891852076591, "accuracy_0": 0.9970578620464204, "f1_0": 0.570617811470604, "accuracy_1": 0.9995563442768411, "f1_1": 0.6646562908925362, "accuracy_2": 0.9982020268061458, "f1_2": 0.33303340149965915, "accuracy_3": 0.9982954280110213, "f1_3": 0.3330489956648243, "accuracy_4": 0.9990659879512446, "f1_4": 0.3331775919263655, "accuracy_5": 0.9833629103815439, "f1_5": 0.24454897595271724, "accuracy_6": 0.9854177368888059, "f1_6": 0.7322778613645338, "accuracy_7": 0.9966725820763088, "f1_7": 0.3327778394993149, "accuracy_8": 0.9968477093354504, "f1_8": 0.6012185692708751, "accuracy_9": 0.9845654508943166, "f1_9": 0.6265279521656896, "accuracy_10": 0.996310652407416, "f1_10": 0.5971772962346932, "accuracy_11": 0.9962989772568066, "f1_11": 0.33271535262914725, "accuracy_12": 0.9973964414140942, "f1_12": 0.5595567823850979, "accuracy_13": 0.9961472002988838, "f1_13": 0.332689960656786, "accuracy_14": 0.9951314621958623, "f1_14": 0.4892087786462796, "accuracy_15": 0.9920842478867977, "f1_15": 0.5402104131442651, "accuracy_16": 0.9966025311726521, "f1_16": 0.5906881018927412, "accuracy_17": 0.97946341007799, "f1_17": 0.5821231732634519, "accuracy_18": 0.999182739457339, "f1_18": 0.4997956013408552, "accuracy_19": 0.9980385746976136, "f1_19": 0.33300610820244325}