{"accuracy": 0.9948098117965721, "f1": 0.3405293593678601, "accuracy_0": 0.9973147153598282, "f1_0": 0.5817820736280569, "accuracy_1": 0.9996147200298884, "f1_1": 0.6649144010187326, "accuracy_2": 0.9988791855414935, "f1_2": 0.33314642617946205, "accuracy_3": 0.9985989819268668, "f1_3": 0.3330996666355111, "accuracy_4": 0.9996964460841545, "f1_4": 0.3332827333341118, "accuracy_5": 0.9839933685144538, "f1_5": 0.2635822552022505, "accuracy_6": 0.9853476859851492, "f1_6": 0.6294598807121535, "accuracy_7": 0.9982370522579741, "f1_7": 0.3330392494824319, "accuracy_8": 0.9968010087330127, "f1_8": 0.59698234993621, "accuracy_9": 0.9868421052631579, "f1_9": 0.632755923084732, "accuracy_10": 0.9964974548171671, "f1_10": 0.5253399861370986, "accuracy_11": 0.997151263251296, "f1_11": 0.3328578666354885, "accuracy_12": 0.996123849997665, "f1_12": 0.8069265637839234, "accuracy_13": 0.9977817213842058, "f1_13": 0.3329632097120438, "accuracy_14": 0.99559846822024, "f1_14": 0.5101868931685563, "accuracy_15": 0.9943725774062485, "f1_15": 0.41186218826993765, "accuracy_16": 0.9959370475879139, "f1_16": 0.7628865402840365, "accuracy_17": 0.9799070658011488, "f1_17": 0.5846218799102246, "accuracy_18": 0.9994045673189185, "f1_18": 0.33323406499934793, "accuracy_19": 0.9980969504506608, "f1_19": 0.5280772913457644}