{"accuracy": 0.9750825306380861, "f1": 0.6716765589772997}