{"accuracy": 0.7701863354037267, "f1": 0.7701863354037267, "verifiability": 0.052795031055900624}