{"accuracy": 0.9762130873241984, "f1": 0.6603301249849748}