{"accuracy": 0.967391304347826, "f1": 0.6642070861058645}