{"accuracy": 0.7806267806267806, "f1": 0.7806267806267806, "verifiability": 0.022792022792022793}