{"accuracy": 0.9926014570587961, "f1": 0.19599429615472058, "accuracy_0": 0.9935553168635876, "f1_0": 0.3322557471264368, "accuracy_1": 0.9987624340353991, "f1_1": 0.6610940334568839, "accuracy_2": 0.9982020268061458, "f1_2": 0.33303340149965915, "accuracy_3": 0.9982954280110213, "f1_3": 0.3330489956648243, "accuracy_4": 0.9990659879512446, "f1_4": 0.3331775919263655, "accuracy_5": 0.9784009713725307, "f1_5": 0.10993244825394576, "accuracy_6": 0.9833278849297156, "f1_6": 0.6236681325346903, "accuracy_7": 0.9966725820763088, "f1_7": 0.3327778394993149, "accuracy_8": 0.99203754728436, "f1_8": 0.332000953374516, "accuracy_9": 0.9830009807126512, "f1_9": 0.6224440507586849, "accuracy_10": 0.9949329846355018, "f1_10": 0.3324866857845145, "accuracy_11": 0.9962989772568066, "f1_11": 0.33271535262914725, "accuracy_12": 0.9960070984915705, "f1_12": 0.3326665184855894, "accuracy_13": 0.9961472002988838, "f1_13": 0.332689960656786, "accuracy_14": 0.9944776537617335, "f1_14": 0.332410393898063, "accuracy_15": 0.9883365245411666, "f1_15": 0.3313780178699001, "accuracy_16": 0.9929482090318965, "f1_16": 0.33215387619605546, "accuracy_17": 0.9743380189604446, "f1_17": 0.5768900132445766, "accuracy_18": 0.999182739457339, "f1_18": 0.4997956013408552, "accuracy_19": 0.9980385746976136, "f1_19": 0.33300610820244325}