{"accuracy": 0.7888198757763976, "f1": 0.7888198757763976, "verifiability": 0.046583850931677016, "consistency": 0.2577639751552795}