{"accuracy": 0.9688973987764442, "f1": 0.6757890274276457}