{"accuracy": 0.8043478260869565, "f1": 0.8043006395971406, "verifiability": 0.06832298136645963}