{"accuracy": 0.7891737891737892, "f1": 0.7891583869082408, "verifiability": 0.05698005698005698}