{"accuracy": 0.9775848294366812, "f1": 0.670614417127858}