{"accuracy": 0.8205128205128205, "f1": 0.8204603580562659, "verifiability": 0.022792022792022793}