{"accuracy": 0.9642390136832765, "f1": 0.6875808504679313}