{"accuracy": 0.7763975155279503, "f1": 0.7761816496756255, "verifiability": 0.055900621118012424, "consistency": 0.2795031055900621}