{"accuracy": 0.9733490103860474, "f1": 0.6686748323483355}