{"accuracy": 0.8148148148148148, "f1": 0.8147185655002152, "verifiability": 0.022792022792022793}