{"accuracy": 0.9773134958320143, "f1": 0.6605274296548262}