{"accuracy": 0.782608695652174, "f1": 0.7823063550318718, "verifiability": 0.040372670807453416}