{"accuracy": 0.9685121188063326, "f1": 0.6590565941720066}