{"accuracy": 0.6366459627329193, "f1": 0.6364741641337386, "verifiability": 0.0}