{"accuracy": 0.6296296296296297, "f1": 0.6296025715955581, "verifiability": 0.0, "consistency": 0.0}