{"accuracy": 0.9954253907957612, "f1": 0.2564913649646414, "accuracy_0": 0.9963596074707186, "f1_0": 0.33272549485980074, "accuracy_1": 0.9992161473642955, "f1_1": 0.661660695586202, "accuracy_2": 0.9991633880522769, "f1_2": 0.33319383965767496, "accuracy_3": 0.9993442771220549, "f1_3": 0.3332240103442166, "accuracy_4": 0.9998794072868147, "f1_4": 0.33331323333584584, "accuracy_5": 0.9882422104644327, "f1_5": 0.22567282109725254, "accuracy_6": 0.9851520221890592, "f1_6": 0.6149032220986634, "accuracy_7": 0.9984624429068873, "f1_7": 0.33307687665942554, "accuracy_8": 0.9967213856102745, "f1_8": 0.5582307650433154, "accuracy_9": 0.9851595592336333, "f1_9": 0.6139639614069378, "accuracy_10": 0.9971057748835527, "f1_10": 0.3328502634240599, "accuracy_11": 0.9983644613274243, "f1_11": 0.33306052045656553, "accuracy_12": 0.9962465518021073, "f1_12": 0.5466436925481765, "accuracy_13": 0.9984925910851836, "f1_13": 0.3330819090145675, "accuracy_14": 0.996947496947497, "f1_14": 0.3328238051564251, "accuracy_15": 0.9955305325675696, "f1_15": 0.3325867536878894, "accuracy_16": 0.9957717179939403, "f1_16": 0.497668328827596, "accuracy_17": 0.9853253742142631, "f1_17": 0.5809324045088867, "accuracy_18": 0.999449795746092, "f1_18": 0.49986241108552004, "accuracy_19": 0.9975730716471457, "f1_19": 0.3329283538464248}