{"accuracy": 0.9950948913911877, "f1": 0.25608231600554143, "accuracy_0": 0.9963596074707186, "f1_0": 0.33272549485980074, "accuracy_1": 0.9991332398739806, "f1_1": 0.6612383308319858, "accuracy_2": 0.9988317580910173, "f1_2": 0.33313851254960075, "accuracy_3": 0.9992462955425918, "f1_3": 0.33320766856671796, "accuracy_4": 0.9993593512112031, "f1_4": 0.33322652432166855, "accuracy_5": 0.9881894511524141, "f1_5": 0.2235661125932063, "accuracy_6": 0.9844661511328178, "f1_6": 0.6116565968186427, "accuracy_7": 0.9975504605134234, "f1_7": 0.3329245761187685, "accuracy_8": 0.996585718807941, "f1_8": 0.557708880291575, "accuracy_9": 0.9844284659099474, "f1_9": 0.6107964110833705, "accuracy_10": 0.9970831637498304, "f1_10": 0.33284648392830857, "accuracy_11": 0.99741479371109, "f1_11": 0.3329019079567166, "accuracy_12": 0.9969399599029228, "f1_12": 0.3328225451343021, "accuracy_13": 0.9971736082847193, "f1_13": 0.33286160139783605, "accuracy_14": 0.9969098117246266, "f1_14": 0.33281750495069434, "accuracy_15": 0.9929227151449374, "f1_15": 0.4937683945787256, "accuracy_16": 0.9961108849997738, "f1_16": 0.5318843095930769, "accuracy_17": 0.9853705964817076, "f1_17": 0.5819704609081128, "accuracy_18": 0.9992387584980178, "f1_18": 0.33320641144056345, "accuracy_19": 0.9985830356200727, "f1_19": 0.33309700516905005}