{"accuracy": 0.7749287749287749, "f1": 0.7748117949925692, "verifiability": 0.06837606837606838, "consistency": 0.21082621082621084}