{"accuracy": 0.7608695652173914, "f1": 0.7607565011820332, "verifiability": 0.08385093167701864, "consistency": 0.2577639751552795}