{"accuracy": 0.9654882547984869, "f1": 0.7074162037651968}