{"accuracy": 0.9743288261806781, "f1": 0.700222339803195}