{"accuracy": 0.7515527950310559, "f1": 0.7515432098765433, "verifiability": 0.10559006211180125}