{"accuracy": 0.8043478260869565, "f1": 0.8043308415722209, "verifiability": 0.024844720496894408}