{"accuracy": 0.9698197356745902, "f1": 0.6285180381146146}