{"accuracy": 0.8005698005698005, "f1": 0.8004904508249968, "verifiability": 0.017094017094017096}