{"accuracy": 0.9782405523146264, "f1": 0.6300495314501647}