{"accuracy": 0.9751051417718084, "f1": 0.665521644644339}