{"accuracy": 0.9675897819081866, "f1": 0.6759424582503897}