{"accuracy": 0.8043478260869565, "f1": 0.8036642373914811, "verifiability": 0.052795031055900624}