{"accuracy": 0.8091168091168092, "f1": 0.8091106114596945, "verifiability": 0.017094017094017096, "consistency": 0.18233618233618235}