{"accuracy": 0.7857142857142857, "f1": 0.7857122189751454, "verifiability": 0.0}