{"accuracy": 0.9701699901928735, "f1": 0.49631218256747317}