{"accuracy": 0.9787756824793862, "f1": 0.5074382638112401}