{"accuracy": 0.7692307692307693, "f1": 0.7691108277771912, "verifiability": 0.0}