{"accuracy": 0.9950628589517478, "f1": 0.24505922708355352, "accuracy_0": 0.9963596074707186, "f1_0": 0.33272549485980074, "accuracy_1": 0.9987639246898506, "f1_1": 0.6589015959954646, "accuracy_2": 0.9988317580910173, "f1_2": 0.33313851254960075, "accuracy_3": 0.9992462955425918, "f1_3": 0.33320766856671796, "accuracy_4": 0.9993593512112031, "f1_4": 0.33322652432166855, "accuracy_5": 0.9874734319178764, "f1_5": 0.18869052398160283, "accuracy_6": 0.9856117819080782, "f1_6": 0.6149111384992672, "accuracy_7": 0.9975504605134234, "f1_7": 0.3329245761187685, "accuracy_8": 0.9966234040308114, "f1_8": 0.555181809652653, "accuracy_9": 0.9854610410165966, "f1_9": 0.6134217629419375, "accuracy_10": 0.9970831637498304, "f1_10": 0.33284648392830857, "accuracy_11": 0.99741479371109, "f1_11": 0.3329019079567166, "accuracy_12": 0.9969399599029228, "f1_12": 0.3328225451343021, "accuracy_13": 0.9971736082847193, "f1_13": 0.33286160139783605, "accuracy_14": 0.9969098117246266, "f1_14": 0.33281750495069434, "accuracy_15": 0.991324861695232, "f1_15": 0.33188117812557166, "accuracy_16": 0.9963520704261445, "f1_16": 0.5337161567995, "accuracy_17": 0.9849560590301331, "f1_17": 0.5777406018912413, "accuracy_18": 0.9992387584980178, "f1_18": 0.33320641144056345, "accuracy_19": 0.9985830356200727, "f1_19": 0.33309700516905005}