{"accuracy": 0.9684887685051137, "f1": 0.678009191933536}