{"accuracy": 0.7888198757763976, "f1": 0.7888117283950618, "verifiability": 0.06832298136645963}