{"accuracy": 0.9777657185064592, "f1": 0.6695978211654987}