{"accuracy": 0.8290598290598291, "f1": 0.829025134766513, "verifiability": 0.05982905982905983}