{"accuracy": 0.6055900621118012, "f1": 0.6051292450006276, "verifiability": 0.0, "consistency": 0.0}