{"accuracy": 0.6182336182336182, "f1": 0.6173359802134859, "verifiability": 0.0}