{"accuracy": 0.9690608508849764, "f1": 0.6652400367829518}