{"accuracy": 0.6438746438746439, "f1": 0.6438630810815198, "verifiability": 0.0}