{"accuracy": 0.5807453416149069, "f1": 0.5798335572545645, "verifiability": 0.0}