{"accuracy": 0.7981366459627329, "f1": 0.7980412022965214, "verifiability": 0.052795031055900624}