{"accuracy": 0.7749287749287749, "f1": 0.7749214672435205, "verifiability": 0.022792022792022793, "consistency": 0.1737891737891738}