{"accuracy": 0.9662471395881007, "f1": 0.6797295862590012}