{"accuracy": 0.974788585899697, "f1": 0.6677399739462323}