{"accuracy": 0.9662588147387101, "f1": 0.6890213168916106}