{"accuracy": 0.8034188034188035, "f1": 0.8034188034188033, "verifiability": 0.02564102564102564, "consistency": 0.18518518518518517}