{"accuracy": 0.973492214232955, "f1": 0.680273648032254}