{"accuracy": 0.9933334890020081, "f1": 0.2478422426649428, "accuracy_0": 0.9935553168635876, "f1_0": 0.3322557471264368, "accuracy_1": 0.9997431466865923, "f1_1": 0.6654992733326902, "accuracy_2": 0.9988791855414935, "f1_2": 0.33314642617946205, "accuracy_3": 0.9985989819268668, "f1_3": 0.3330996666355111, "accuracy_4": 0.9996964460841545, "f1_4": 0.3332827333341118, "accuracy_5": 0.9801989445663849, "f1_5": 0.1592541289764795, "accuracy_6": 0.9838532667071406, "f1_6": 0.6254362191697461, "accuracy_7": 0.9982370522579741, "f1_7": 0.3330392494824319, "accuracy_8": 0.9921075981880166, "f1_8": 0.33201272163224477, "accuracy_9": 0.9855344883949003, "f1_9": 0.6292738525819593, "accuracy_10": 0.9950614112922057, "f1_10": 0.33250819771263823, "accuracy_11": 0.997151263251296, "f1_11": 0.3328578666354885, "accuracy_12": 0.992352776350815, "f1_12": 0.33205390401740803, "accuracy_13": 0.9977817213842058, "f1_13": 0.3329632097120438, "accuracy_14": 0.9946761313220941, "f1_14": 0.3324436536180308, "accuracy_15": 0.9935319665623686, "f1_15": 0.33225183016105414, "accuracy_16": 0.9929131835800682, "f1_16": 0.332147997133322, "accuracy_17": 0.9759375145939383, "f1_17": 0.5704449237258896, "accuracy_18": 0.9994045673189185, "f1_18": 0.33323406499934793, "accuracy_19": 0.9974548171671415, "f1_19": 0.33290859567702796}