{"accuracy": 0.8205128205128205, "f1": 0.8204895076510939, "verifiability": 0.02849002849002849}