{"accuracy": 0.8205128205128205, "f1": 0.8204895076510939, "verifiability": 0.02849002849002849, "consistency": 0.19943019943019943}