{"accuracy": 0.9623126138327185, "f1": 0.6774948377647185}