{"accuracy": 0.8074534161490683, "f1": 0.8073344914109245, "verifiability": 0.034161490683229816, "consistency": 0.20186335403726707}