{"accuracy": 0.9950760487797525, "f1": 0.2442375504954508, "accuracy_0": 0.9963596074707186, "f1_0": 0.33272549485980074, "accuracy_1": 0.9992915178100363, "f1_1": 0.6621309989071024, "accuracy_2": 0.9991633880522769, "f1_2": 0.33319383965767496, "accuracy_3": 0.9993442771220549, "f1_3": 0.3332240103442166, "accuracy_4": 0.9998794072868147, "f1_4": 0.33331323333584584, "accuracy_5": 0.986425782722079, "f1_5": 0.15704547608976144, "accuracy_6": 0.985498726239467, "f1_6": 0.6169003646881537, "accuracy_7": 0.9984624429068873, "f1_7": 0.33307687665942554, "accuracy_8": 0.9950783098931247, "f1_8": 0.3325110280830465, "accuracy_9": 0.9853781335262817, "f1_9": 0.6156023176143676, "accuracy_10": 0.9971057748835527, "f1_10": 0.3328502634240599, "accuracy_11": 0.9983644613274243, "f1_11": 0.33306052045656553, "accuracy_12": 0.9942040127225312, "f1_12": 0.3323645278616611, "accuracy_13": 0.9984925910851836, "f1_13": 0.3330819090145675, "accuracy_14": 0.996947496947497, "f1_14": 0.3328238051564251, "accuracy_15": 0.9955305325675696, "f1_15": 0.3325867536878894, "accuracy_16": 0.9954400880326806, "f1_16": 0.3325716113127681, "accuracy_17": 0.9835315576056317, "f1_17": 0.5757079498876019, "accuracy_18": 0.999449795746092, "f1_18": 0.49986241108552004, "accuracy_19": 0.9975730716471457, "f1_19": 0.3329283538464248}